,accuracy,precision,recall,f1_score
RandomForest,0.0,0.25234135011613096,0.7470592642541395,0.0
SVM,0.0,0.25234135011613096,0.7470592642541395,0.0
DecisionTree,0.0,0.25234135011613096,0.7470592642541395,0.0
